{
  "top_dimensions": [
    994,
    989,
    1636,
    1058,
    275,
    3135,
    179,
    1123,
    795,
    2964,
    2395,
    1312,
    2650,
    432,
    3593,
    1475,
    154,
    1743,
    69,
    123,
    461,
    2444,
    1013,
    1100,
    2158,
    856,
    2853,
    2007,
    2946,
    962,
    3870,
    2156,
    538,
    2814,
    2050,
    580,
    165,
    2699,
    1847,
    975,
    2513,
    1801,
    3840,
    951,
    1593,
    1454,
    1645,
    1834,
    3903,
    475
  ],
  "top_importance": [
    1.1729656457901,
    1.1728110313415527,
    1.16603422164917,
    1.1559585332870483,
    1.1538515090942383,
    1.1475460529327393,
    1.1475433111190796,
    1.1466259956359863,
    1.145643711090088,
    1.1452550888061523,
    1.1444035768508911,
    1.1397110223770142,
    1.139597773551941,
    1.138936996459961,
    1.1386312246322632,
    1.137708306312561,
    1.13593327999115,
    1.1353236436843872,
    1.1345380544662476,
    1.1345058679580688,
    1.1344218254089355,
    1.1341391801834106,
    1.1338715553283691,
    1.1332353353500366,
    1.1300963163375854,
    1.1297380924224854,
    1.1294901371002197,
    1.1294777393341064,
    1.1268211603164673,
    1.1266957521438599,
    1.1262942552566528,
    1.125504493713379,
    1.124939203262329,
    1.1246565580368042,
    1.1246302127838135,
    1.1240631341934204,
    1.1240465641021729,
    1.1240086555480957,
    1.1212104558944702,
    1.1211150884628296,
    1.1210402250289917,
    1.1207884550094604,
    1.120707631111145,
    1.120367407798767,
    1.1201602220535278,
    1.1200330257415771,
    1.1192446947097778,
    1.1188920736312866,
    1.1187753677368164,
    1.1177300214767456
  ],
  "mean_importance": 1.0002648830413818,
  "std_importance": 0.05067398026585579,
  "sparsity_90": 0.89990234375
}