{
  "timestamp": "2026-01-30T18:04:28.084423",
  "alpha": 0.3,
  "total": 4500,
  "edge_count": 4339,
  "cloud_count": 161,
  "edge_error_rate": 22.447568564185296,
  "total_accuracy": 77.4,
  "target_met": true
}